,alpha,omega
BBH,0.6932010295957095,0.710702710525975
SQuAD,0.6076118688395823,0.631338543164113
MTB,0.5543550231889061,0.7164316636796488
Full,0.8178887520661634,0.82683476282697
