,alpha,omega
BBH,0.7133557827490528,0.7311618179220205
SQuAD,0.6100356680430986,0.6416205981994765
MTB,0.4292915644530394,0.660574749598993
Full,0.8163899949949114,0.823025667677674
