,alpha,omega
BBH,0.6579473891632799,0.6821858973986042
SQuAD,0.6200640643802762,0.6649561382425685
MTB,0.4393009647414372,0.5868430686709427
Full,0.8093418845485864,0.8176816023211163
