,alpha,omega
BBH,0.6579473891632799,0.6821858973986042
MTB,0.4528510709243333,0.571021674830956
Full,0.7257080000717518,0.7379112929155299
